sr_no,name_of_the_district,tahsilblock,cattle_exoticcrossbred,cattleindigenous,cattletotal,buffaloestotal,sheepexoticcrossbred,sheepindigenous,sheeptotal,goatstotal,pigsexoticcross_bred,pigsindigenous,pigs_total,horses_poniestotal,mulestotal,donkeystotal,camelstotal,total_livestock,dogstotal,rabbitstotal,elephantstotal,poultryfowls,poultry_ducks,poultryturkeys,poultryquails,poultryother_poultry_birds,total_poultrybackyard,total_birds_in_the_farmhatchery_layerbroiler_duckemuothers,total_poultryp_farm_hatchery_birds
1,Mumbai,Mumbai & Sub Urban,3344,1840,5184,30188,138,174,312,10626,350,307,657,1643,0,92,4,48706,32832,921,0,52851,687,143,136,405,54222,31903,86125
2, Thane,Ambarnath,748,7524,8272,8599,4,24,28,5919,498,205,703,27,100,27,3,23678,3566,39,0,45389,95,4,1,114,45603,223980,269583
3, Thane,Bhiwandi,1160,12169,13329,27008,181,1190,1371,16241,131,319,450,26,1,49,0,58475,3484,37,0,130979,58,4,0,126,131167,531543,662710
4, Thane,Dahanu,1164,74268,75432,6491,0,14,14,30443,206,15,221,108,0,0,2,112711,5706,99,0,275127,3531,12,7000,45,285715,191548,477263
5, Thane,Jawhar,73,46872,46945,3973,0,2,2,21618,65,316,381,0,0,0,0,72919,1484,35,0,67878,278,17,0,12,68185,1500,69685
6, Thane,Kalyan,1006,5942,6948,13911,39,206,245,5679,51,123,174,558,1,0,0,27516,4555,173,0,51861,238,5,0,48,52152,575788,627940
7, Thane,Mokhada,11,28175,28186,2193,0,1,1,12584,0,15,15,1,0,0,0,42980,1173,3,0,37081,19,9,0,0,37109,20,37129
8, Thane,Murbad,531,26627,27158,14675,89,189,278,9305,0,2,2,4,0,0,0,51422,1134,6,0,71282,76,19,48,0,71425,505749,577174
9, Thane,Palghar,1133,32689,33822,14182,3,10,13,23330,399,315,714,174,0,5,2,72242,5035,136,0,155836,2024,0,0,359,158219,283678,441897
10, Thane,Shahapur,961,41956,42917,22368,0,45,45,20259,48,713,761,17,2,50,0,86419,4736,107,0,119047,45,3,0,2,119097,638160,757257
11, Thane,Talasari,288,33457,33745,1199,0,0,0,13057,79,0,79,0,0,0,0,48080,785,58,0,125262,587,4,0,53,125906,1400,127306
12, Thane,Thane,1853,915,2768,8616,36,6,42,4341,188,1146,1334,79,0,165,0,17345,10452,233,0,45430,144,2,14,113,45703,0,45703
13, Thane,Ulhasnagar,344,1637,1981,2842,3,2,5,770,67,2470,2537,4,0,37,0,8176,1127,24,0,4453,21,0,0,0,4474,200,4674
14, Thane,Vada,424,22553,22977,11614,31,291,322,16821,2,0,2,1,0,0,0,51737,2918,10,0,84915,122,8,0,0,85045,440750,525795
15, Thane,Vasai,2205,9097,11302,33616,2,7,9,5372,249,110,359,2,0,7,1,50668,2480,90,7,43189,524,114,0,96,43923,20180,64103
16, Thane,Vikramgad,476,54206,54682,15860,5,7,12,16520,98,0,98,9,0,0,0,87181,2804,24,0,132923,370,38,0,17,133348,179500,312848
17,Raigad,Alibag,1458,9585,11043,7407,6,342,348,8022,65,0,65,95,0,0,0,26980,2770,17,0,86551,127,11,8,93,86790,1392842,1479632
18,Raigad,Karjat,496,24104,24600,9812,2,95,97,14336,0,0,0,482,0,0,0,49327,2386,43,0,55328,39,2,0,5,55374,132837,188211
19,Raigad,Khalapur,680,9196,9876,6176,51,31,82,6954,2,0,2,86,0,10,0,23186,1503,37,0,35155,86,57,0,47,35345,309192,344537
20,Raigad,Mahad,1858,31305,33163,7341,0,2,2,3961,43,0,43,2,0,11,0,44523,1208,11,0,63543,44,0,0,10,63597,5900,69497
21,Raigad,Mangaon,901,26764,27665,5195,0,3,3,5471,0,0,0,3,0,0,0,38337,1658,21,0,54317,2,0,0,0,54319,86200,140519
22,Raigad,Mhasla,64,11377,11441,1343,0,0,0,1559,0,0,0,28,1,0,0,14372,467,5,0,15304,10,2,0,0,15316,0,15316
23,Raigad,Murud,56,5638,5694,1511,0,1,1,2432,22,57,79,94,0,0,0,9811,686,1,0,45781,14,3,4,0,45802,106600,152402
24,Raigad,Panvel,1533,10954,12487,9481,28,97,125,12555,924,148,1072,57,0,0,0,35777,21375,107,0,81042,101,6,0,390,81539,13200,94739
25,Raigad,Pen,839,10945,11784,5412,0,0,0,7572,0,0,0,3,0,0,0,24771,1234,12,0,86308,64,0,0,0,86372,631769,718141
26,Raigad,Poladpur,408,13568,13976,1788,0,0,0,887,0,0,0,0,0,11,0,16662,748,0,0,18834,24,0,0,0,18858,14160,33018
27,Raigad,Roha,652,22580,23232,5286,3,5,8,9014,2,9,11,3,0,0,0,37554,1086,6,0,43038,10,4,0,16,43068,350621,393689
28,Raigad,Shrivardhan,375,10470,10845,2336,0,8,8,2955,0,0,0,29,0,27,0,16200,789,2,0,28642,30,2,0,0,28674,35665,64339
29,Raigad,Sudhagad,177,15733,15910,2772,0,0,0,5623,0,0,0,0,0,0,0,24305,895,8,0,17375,0,0,0,0,17375,57700,75075
30,Raigad,Tala,47,9862,9909,831,0,0,0,2103,0,0,0,5,0,0,0,12848,396,1,0,10549,13,0,0,0,10562,3200,13762
31,Raigad,Uran,271,2030,2301,2033,2,1,3,4013,0,200,200,15,0,0,0,8565,2148,40,0,47834,187,0,0,20,48041,0,48041
32, Ratnagiri,Chiplun,2989,37641,40630,8289,29,20,49,3684,0,0,0,0,0,87,0,52739,1247,7,0,87582,30,7,0,134,87753,3547,91300
33, Ratnagiri,Dapoli,1331,27789,29120,4255,0,20,20,4447,0,0,0,5,0,0,0,37847,1602,29,0,61420,29,34,18,76,61577,20498,82075
34, Ratnagiri,Guhagar,868,24230,25098,2049,56,0,56,1746,0,0,0,0,0,27,0,28976,958,30,0,53711,4,0,0,20,53735,6566,60301
35, Ratnagiri,Khed,4580,34134,38714,7340,0,0,0,4390,0,2,2,5,0,19,0,50470,1233,3,0,81022,8,0,0,30,81060,4365,85425
36, Ratnagiri,Lanja,2407,33059,35466,2805,0,1,1,3146,33,0,33,0,0,0,0,41451,1281,0,0,59756,1,10,0,146,59913,33475,93388
37, Ratnagiri,Mandangad,251,15102,15353,1347,0,0,0,2806,0,0,0,2,0,2,0,19510,575,0,0,34245,7,5,0,65,34322,0,34322
38, Ratnagiri,Rajapur,1241,45161,46402,6332,0,0,0,4193,0,0,0,0,0,7,0,56934,2224,29,0,94203,13,5,0,13,94234,57636,151870
39, Ratnagiri,Ratnagiri,1417,42048,43465,6296,0,1,1,3277,255,0,255,9,0,3,5,53311,3058,29,0,78286,10,14,0,106,78416,31085,109501
40, Ratnagiri,Sangameshwar,4280,40784,45064,5103,0,0,0,5382,0,0,0,0,1,11,0,55561,1349,16,0,107814,20,0,0,19,107853,8668,116521
41,Sindhudurg,Devgad,1305,26512,27817,5808,0,7,7,2250,0,0,0,1,0,6,0,35889,1918,102,0,46840,8,4,0,352,47204,3000,50204
42,Sindhudurg,Dodamarg,1348,5061,6409,4563,0,0,0,1142,0,0,0,0,0,0,0,12114,4338,0,0,39048,0,0,0,0,39048,95000,134048
43,Sindhudurg,Kankavli,2494,27398,29892,9249,4,0,4,3462,435,88,523,4,0,21,0,43155,3348,62,0,106077,13,2,1,399,106492,1880,108372
44,Sindhudurg,Kudal,2855,22061,24916,20001,0,0,0,8188,122,85,207,2,0,0,0,53314,6137,16,0,112919,13,0,0,16,112948,32000,144948
45,Sindhudurg,Malwan,1596,16647,18243,6938,0,0,0,4784,26,74,100,0,0,0,0,30065,4046,0,0,61105,0,0,0,96,61201,208,61409
46,Sindhudurg,Sawantwadi,1417,14249,15666,13151,0,0,0,4579,27,591,618,3,0,0,0,34017,4452,1,0,64010,15,1,0,0,64026,123980,188006
47,Sindhudurg,Vaibhavvadi,618,12117,12735,2501,0,0,0,2185,0,0,0,5,0,0,0,17426,421,25,0,45303,4,0,0,4,45311,534,45845
48,Sindhudurg,Vengurla,1454,10278,11732,4724,0,0,0,1535,71,179,250,0,0,7,0,18248,2544,12,0,36311,8,0,0,0,36319,0,36319
49,Nashik,Baglan,14647,78212,92859,23881,408,49826,50234,70975,259,3204,3463,1031,200,330,24,242997,7578,103,0,67066,414,0,0,0,67480,1267682,1335162
50,Nashik,Chandvad,23756,48143,71899,7614,26,8156,8182,36669,77,1092,1169,82,0,57,0,125672,6190,26,0,20207,0,0,0,0,20207,1954705,1974912
51,Nashik,Deola,7197,32548,39745,6381,220,32621,32841,30647,150,949,1099,273,12,8,0,111006,3662,39,0,23064,14,0,0,0,23078,1390800,1413878
52,Nashik,Dindori,27434,61100,88534,10216,30,1382,1412,30372,32,1935,1967,220,0,54,0,132775,6090,8,0,61241,106,0,0,60,61407,448679,510086
53,Nashik,Igatpuri,2161,41114,43275,22416,20,12,32,19389,27,312,339,49,0,0,0,85500,2796,3,0,39545,28,0,0,0,39573,119268,158841
54,Nashik,Kalwan,4017,53569,57586,10095,79,1437,1516,38389,265,603,868,101,0,61,0,108616,2610,66,0,63348,473,17,0,51,63889,1295457,1359346
55,Nashik,Malegaon,19702,90473,110175,39745,583,80158,80741,99517,267,10435,10702,829,1,156,2,341868,5226,302,0,75778,666,8,0,0,76452,2154870,2231322
56,Nashik,Nandgaon,2636,70166,72802,13377,0,116094,116094,48494,265,1299,1564,2060,111,42,0,254544,5215,39,0,25650,74,0,0,0,25724,564330,590054
57,Nashik,Nashik,22169,23530,45699,27982,185,861,1046,22261,535,888,1423,312,0,30,0,98753,9023,123,0,33029,163,23,0,207,33422,337057,370479
58,Nashik,Niphad,57781,29496,87277,13207,446,8175,8621,47566,335,2576,2911,302,0,86,10,159980,60091,90,0,28105,21,0,0,98,28224,1170050,1198274
59,Nashik,Peint,178,34355,34533,7791,94,338,432,11130,22,37,59,34,101,0,0,54080,916,78,0,28254,2,0,0,0,28256,750,29006
60,Nashik,Sinnar,50839,47754,98593,7781,224,35166,35390,55302,15,1609,1624,233,4,60,0,198987,9787,24,0,47345,7,0,0,60,47412,3311087,3358499
61,Nashik,Surgana,2170,33032,35202,23671,26,50,76,19917,0,225,225,17,0,0,0,79108,1488,27,0,107765,0,0,0,10,107775,191750,299525
62,Nashik,Trimbakeshwar,391,47513,47904,13367,0,0,0,24543,0,427,427,24,0,0,0,86265,2497,0,0,57853,26,0,0,15,57894,215103,272997
63,Nashik,Yevla,28596,61198,89794,9997,1608,18264,19872,44642,72,1529,1601,390,0,22,4,166322,5598,0,0,165972,28025,0,0,0,193997,583905,777902
64,Dhule,Dhule,16257,80962,97219,38244,31,90773,90804,82845,214,14692,14906,1201,591,116,4,325930,2720,47,0,61501,565,0,0,381,62447,265603,328050
65,Dhule,Sakri,8517,116686,125203,31047,0,78569,78569,99169,29,9848,9877,1859,0,77,0,345801,3182,92,0,143422,120,0,0,3,143545,466950,610495
66,Dhule,Shirpur,2761,69870,72631,17238,2,8635,8637,48898,0,1271,1271,366,16,38,0,149095,569,47,0,65049,146,0,0,154,65349,28790,94139
67,Dhule,Sindkhede,12970,48180,61150,13659,37,28742,28779,44778,47,4387,4434,629,0,39,1,153469,813,7,0,35931,151,17,0,0,36099,15227,51326
68,Nandurbar,Akkalkuwa,75,46589,46664,9120,0,0,0,32591,0,279,279,7,0,36,0,88697,196,0,0,59374,0,0,0,0,59374,17,59391
69,Nandurbar,Akrani,49,76676,76725,6153,0,0,0,73466,0,300,300,29,0,518,0,157191,662,0,0,138469,0,0,0,0,138469,0,138469
70,Nandurbar,Nandurbar,7483,45090,52573,12784,1,13159,13160,46546,63,2347,2410,453,1,33,0,127960,525,16,0,54144,97,15,0,8,54264,0,54264
71,Nandurbar,Nawapur,1989,64811,66800,21754,48,169,217,38216,571,320,891,1,0,0,0,127879,576,9,0,110707,29,0,0,0,110736,470869,581605
72,Nandurbar,Shahade,3307,53464,56771,12386,0,1899,1899,50636,483,4372,4855,158,0,131,1,126837,1082,59,0,65225,249,0,0,78,65552,2000,67552
73,Nandurbar,Talode,1630,35744,37374,9903,0,0,0,31298,0,1925,1925,5,2,5,0,80512,87,0,0,62271,10,0,0,0,62281,0,62281
74,Jalgaon,Amalner,3352,33908,37260,16485,4,208,212,21609,147,1904,2051,65,6,12,2,77702,138,68,0,19830,85,0,0,0,19915,0,19915
75,Jalgaon,Bhadgaon,8110,21334,29444,15459,0,1754,1754,14712,23,1723,1746,53,0,0,0,63168,282,3,0,11134,29,4,0,0,11167,45003,56170
76,Jalgaon,Bhusawal,2141,15383,17524,13327,2,42,44,22483,171,1419,1590,178,129,64,0,55339,1853,10,0,13431,7,0,0,0,13438,36,13474
77,Jalgaon,Bodvad,769,16597,17366,7386,0,85,85,8687,0,5,5,26,0,0,0,33555,149,2,0,4660,5,0,0,0,4665,0,4665
78,Jalgaon,Chalisgaon,24664,61756,86420,27226,198,12001,12199,51160,355,3202,3557,308,10,16,0,180896,1180,16,0,29737,13,26,0,0,29776,209000,238776
79,Jalgaon,Chopda,3000,38471,41471,16121,3,0,3,19112,268,1940,2208,53,0,15,0,78983,218,8,0,13388,14,0,0,0,13402,0,13402
80,Jalgaon,Dharangaon,2404,25204,27608,13052,0,110,110,18180,0,1197,1197,41,1,29,0,60218,62,0,0,21250,18,0,0,0,21268,140093,161361
81,Jalgaon,Erandol,4047,18915,22962,12908,0,1,1,14598,42,920,962,36,0,5,0,51472,96,5,0,11900,0,0,0,0,11900,0,11900
82,Jalgaon,Jalgaon,4246,31167,35413,18584,401,443,844,26285,102,781,883,286,0,187,0,82482,1376,86,1,24064,197,0,0,20,24281,508,24789
83,Jalgaon,Jamner,3449,60659,64108,21202,70,664,734,32220,156,1099,1255,76,0,57,0,119652,1452,4,0,25569,21,0,0,40,25630,0,25630
84,Jalgaon,Muktainagar (Edlabad),2059,29581,31640,16713,22,16177,16199,22648,46,887,933,203,12,298,0,88646,1629,0,0,15168,16,0,0,0,15184,3515,18699
85,Jalgaon,Pachora,11268,33411,44679,23496,163,433,596,26962,101,1429,1530,112,170,21,0,97566,429,251,10,19508,1287,0,0,200,20995,4000,24995
86,Jalgaon,Parola,5630,27594,33224,11597,48,1948,1996,16382,226,479,705,54,0,18,0,63976,110,4,0,11305,7,0,0,0,11312,8000,19312
87,Jalgaon,Raver,4777,25769,30546,23508,30,2449,2479,28227,0,183,183,66,0,196,0,85205,470,6,0,17117,3,0,0,0,17120,0,17120
88,Jalgaon,Yawal,5992,26556,32548,20428,161,739,900,25865,0,612,612,52,0,351,0,80756,382,6,0,20166,147,0,2,0,20315,2365,22680
89,Ahmadnagar,Akola,37418,48828,86246,14534,530,2336,2866,48384,3,156,159,5,0,39,0,152233,3670,204,0,65497,0,0,0,0,65497,54540,120037
90,Ahmadnagar,Jamkhed,33635,32768,66403,13763,5,327,332,34168,0,21,21,31,0,10,0,114728,4778,24,0,71683,2,0,0,0,71685,8629,80314
91,Ahmadnagar,Karjat,63039,43247,106286,11243,0,34284,34284,44336,30,2930,2960,130,1,144,0,199384,6633,4,0,119705,8,0,0,0,119713,38644,158357
92,Ahmadnagar,Kopargaon,50664,11852,62516,7092,1826,4641,6467,36021,250,1569,1819,166,1,496,0,114578,5807,397,0,26197,34,3,0,18,26252,2689237,2715489
93,Ahmadnagar,Nagar,57307,39761,97068,34147,41,30680,30721,69714,70,473,543,708,0,5,6,232912,11648,29,7,142318,90,8,1,24,142441,821007,963448
94,Ahmadnagar,Nevasa,70018,42692,112710,23438,1048,23705,24753,68139,314,1302,1616,390,4,141,0,231191,7582,30,0,81669,58,0,0,107,81834,112878,194712
95,Ahmadnagar,Parner,68320,54369,122689,14770,446,84064,84510,69171,0,156,156,957,0,34,0,292287,12437,59,0,169468,13,0,0,2,169483,708488,877971
96,Ahmadnagar,Pathardi,36226,59775,96001,29557,225,24537,24762,81917,304,482,786,204,0,15,0,233242,9830,27,0,66591,3,0,0,0,66594,220706,287300
97,Ahmadnagar,Rahta,68521,6639,75160,3654,23,12929,12952,41416,0,1690,1690,170,0,186,0,135228,7742,60,0,49194,11,0,0,21,49226,610546,659772
98,Ahmadnagar,Rahuri,107743,19605,127348,7391,39,27355,27394,64413,0,820,820,178,0,36,0,227580,7405,26,0,101287,18,0,0,0,101305,110230,211535
99,Ahmadnagar,Sangamner,137848,46760,184608,7594,4037,67991,72028,93637,200,432,632,521,0,56,0,359076,11458,102,0,567981,80,0,0,0,568061,1471626,2039687
100,Ahmadnagar,Shevgaon,22983,58719,81702,20140,50,10623,10673,51426,0,906,906,128,1,10,0,164986,5602,36,0,58021,0,0,0,0,58021,135700,193721
101,Ahmadnagar,Shrigonda,72483,66111,138594,23300,0,23805,23805,56438,55,549,604,138,0,87,0,242966,10343,74,0,161585,43,41,0,4,161673,183712,345385
102,Ahmadnagar,Shrirampur,55761,14093,69854,10740,0,6279,6279,32830,4,1244,1248,63,0,138,0,121152,4099,64,0,55911,36,111,0,108,56166,70020,126186
103,Pune,Ambegaon,53058,26567,79625,10690,1394,5628,7022,33388,71,49,120,441,0,112,0,131398,5421,15,0,48760,21,0,0,0,48781,2529164,2577945
104,Pune,Baramati,57789,16566,74355,13898,2223,87635,89858,63840,27,493,520,459,45,34,1,243010,8305,143,0,176756,64,2,0,1,176823,24500,201323
105,Pune,Bhor,14298,17268,31566,19019,0,1079,1079,5638,23,0,23,0,0,0,0,57325,2946,6,0,59789,0,0,0,0,59789,965024,1024813
106,Pune,Daund,54806,23447,78253,27176,600,73356,73956,43777,386,68,454,498,2,40,4,224160,8646,47,0,167597,81,5,0,0,167683,1757281,1924964
107,Pune,Haveli,19894,16733,36627,36262,779,32992,33771,17123,361,447,808,1758,0,68,24,126441,12740,73,0,78134,118,6,0,48,78306,1936759,2015065
108,Pune,Indapur,68112,25559,93671,43825,1017,21837,22854,83359,98,851,949,35,0,314,0,245007,9839,102,0,269357,130,0,0,0,269487,763603,1033090
109,Pune,Junnar,56055,34881,90936,22826,0,4336,4336,47802,84,551,635,530,230,175,0,167470,8273,6,0,61587,28,8,0,25,61648,2548858,2610506
110,Pune,Khed,29865,42136,72001,31783,1048,2340,3388,25754,296,151,447,507,0,17,0,133897,5485,11,0,54511,5,0,0,0,54516,1946747,2001263
111,Pune,Mawal,4166,27917,32083,24259,98,548,646,9252,302,596,898,18,0,8,0,67164,7081,16,0,42074,117,0,0,8,42199,1429108,1471307
112,Pune,Mulshi,4093,16453,20546,13003,35,459,494,4808,25,169,194,24,0,0,0,39069,4380,0,0,36874,44,0,0,235,37153,300725,337878
113,Pune,Pune City,1860,1200,3060,6905,205,566,771,4582,565,2024,2589,520,0,254,0,18681,14132,165,0,6869,71,0,0,0,6940,12363,19303
114,Pune,Purandhar,26485,12227,38712,7136,2,18665,18667,16623,0,645,645,193,41,38,0,82055,4403,0,0,49210,0,0,0,0,49210,461930,511140
115,Pune,Shirur,63749,34056,97805,26451,3315,43407,46722,34212,379,844,1223,428,0,58,1,206900,7450,16,0,114744,200,0,0,3,114947,2605381,2720328
116,Pune,Velhe,1949,12072,14021,10938,0,345,345,4565,0,0,0,2,0,0,0,29871,1380,0,0,25970,0,0,0,0,25970,63104,89074
117,Satara,Jaoli,6740,7413,14153,11603,17,484,501,5337,0,0,0,13,0,38,0,31645,1961,5,0,41200,10,0,0,158,41368,58350,99718
118,Satara,Karad,27753,17018,44771,87447,319,14876,15195,38474,0,1087,1087,166,0,142,0,187282,9328,41,0,204827,6,0,0,7,204840,264068,468908
119,Satara,Khandala,15444,7147,22591,8124,151,37426,37577,17335,105,622,727,349,1,5,0,86709,2803,15,0,55843,39,0,0,0,55882,622271,678153
120,Satara,Khatav,13659,22181,35840,43328,298,18467,18765,29068,6,246,252,124,1,397,0,127775,7665,7,0,93140,5,1,0,0,93146,124022,217168
121,Satara,Koregaon,24850,13762,38612,29832,2680,12180,14860,20942,52,295,347,80,43,188,0,104904,5936,12,0,87787,16,0,0,0,87803,199312,287115
122,Satara,Mahabaleshwar,1549,8842,10391,4115,6,73,79,1495,0,0,0,225,0,106,0,16411,2053,19,0,18655,56,9,0,584,19304,200,19504
123,Satara,Man,17526,35486,53012,36171,50,94216,94266,78885,960,219,1179,480,27,240,0,264260,7501,12,0,188712,2,0,0,0,188714,56470,245184
124,Satara,Patan,6544,26766,33310,54872,188,1168,1356,26530,25,0,25,21,0,13,0,116127,3034,2,0,129779,4,0,0,0,129783,7400,137183
125,Satara,Phaltan,50074,17934,68008,19955,2162,63672,65834,55695,10,68,78,231,23,40,0,209864,10103,11,0,190055,12,22,0,10,190099,224005,414104
126,Satara,Satara,15360,15460,30820,39546,100,6034,6134,20562,78,182,260,94,0,189,0,97605,9414,13,0,140949,129,7,11,222,141318,214100,355418
127,Satara,Wai,15419,10335,25754,17851,341,9313,9654,14688,0,496,496,60,1,200,0,68704,4466,13,0,61707,17,6,0,147,61877,995279,1057156
128,Sangli,Atpadi,12631,19705,32336,29756,0,42566,42566,48363,0,910,910,240,0,626,0,154797,7549,13,0,176162,0,0,0,1300,177462,99450,276912
129,Sangli,Jat,23800,62596,86396,60862,0,53945,53945,99942,175,1025,1200,150,0,20,0,302515,16715,16,0,217505,0,0,0,0,217505,3731,221236
130,Sangli,Kadegaon,9594,9633,19227,38047,1138,4759,5897,17294,0,0,0,44,0,125,0,80634,3992,2,0,48252,0,0,0,0,48252,116138,164390
131,Sangli,Kavathemahankal,16098,20448,36546,40108,0,21865,21865,33536,6,8,14,68,0,0,0,132137,4029,10,0,82077,0,0,0,0,82077,466950,549027
132,Sangli,Khanapur,7491,12438,19929,42701,19,524,543,26867,0,15,15,33,2,59,0,90149,6361,2,0,62426,3,0,0,0,62429,792284,854713
133,Sangli,Miraj,19158,10925,30083,49549,441,8654,9095,26437,0,532,532,229,1,435,0,116361,5578,27,0,61367,5,0,0,274,61646,315644,377290
134,Sangli,Palus,12544,3465,16009,33435,307,1494,1801,12182,0,0,0,28,6,42,0,63503,1279,3,0,15498,0,0,0,0,15498,117048,132546
135,Sangli,Shirala,14647,9608,24255,46513,111,1258,1369,6953,0,38,38,8,0,5,0,79141,3194,21,0,88017,0,24,0,0,88041,2845,90886
136,Sangli,Tasgaon,21110,11462,32572,65013,1371,5102,6473,33266,23,83,106,72,6,279,0,137787,6339,10,1,67019,3,92,0,0,67114,59382,126496
137,Sangli,Walwa,34100,10094,44194,86649,809,13027,13836,19792,1,940,941,48,20,87,0,165567,5096,0,4,67700,2,4,0,80,67786,166100,233886
138,Solapur,Akkalkot,1732,35778,37510,24969,420,6209,6629,40938,9,2856,2865,21,1,60,0,112993,5637,5,0,23873,8,0,0,0,23881,5940,29821
139,Solapur,Barshi,19300,38233,57533,35528,1266,3203,4469,47508,5,0,5,73,0,37,0,145153,5448,45,0,78992,109,0,0,0,79101,27734,106835
140,Solapur,Karmala,31657,35481,67138,27143,2458,8841,11299,52077,101,4162,4263,69,0,26,0,162015,6500,0,0,126319,84,0,0,0,126403,15100,141503
141,Solapur,Madha,57077,34946,92023,40068,380,2822,3202,69986,409,801,1210,197,2,194,5,206887,6439,22,0,165439,6,0,0,0,165445,83100,248545
142,Solapur,Malshiras,66260,49555,115815,62711,0,62184,62184,120874,212,494,706,594,2,550,0,363436,14837,45,0,338723,28,0,0,0,338751,102318,441069
143,Solapur,Mangalvedhe,24487,31142,55629,36122,388,20882,21270,54172,0,856,856,51,0,127,0,168227,7270,37,0,187211,13,0,0,0,187224,3000,190224
144,Solapur,Mohol,33180,28908,62088,36890,457,5893,6350,51446,339,2072,2411,339,0,348,3,159875,6335,86,0,111475,2,0,0,0,111477,17600,129077
145,Solapur,Pandharpur,42717,39332,82049,76975,0,3798,3798,89442,300,1090,1390,161,0,346,0,254161,7538,12,0,221572,15,0,0,0,221587,3000,224587
146,Solapur,Sangole,53777,56745,110522,64566,1741,58442,60183,122112,0,173,173,96,0,208,0,357860,10998,4,0,335210,2580,28,0,0,337818,36230,374048
147,Solapur,Solapur North,5032,12874,17906,16911,40,3160,3200,22519,111,294,405,29,0,226,0,61196,2913,37,0,14368,22,0,0,0,14390,28003,42393
148,Solapur,Solapur South,5237,27011,32248,27682,101,3374,3475,35332,103,521,624,6,0,151,0,99518,4102,1,0,23678,0,0,0,0,23678,300458,324136
149,Kolhapur,Ajra,2154,6962,9116,28073,4,25,29,12282,2,0,2,4,0,0,0,49506,3261,1,0,35949,2,0,0,1,35952,402700,438652
150,Kolhapur,Bavda,712,2903,3615,9888,10,2,12,3448,0,0,0,0,0,0,0,16963,895,0,0,12145,0,0,0,0,12145,0,12145
151,Kolhapur,Bhudargad,5161,6118,11279,35032,7,3002,3009,9318,0,0,0,11,0,0,0,58649,1429,0,0,50748,0,0,0,0,50748,25525,76273
152,Kolhapur,Chandgad,7018,16658,23676,43838,2,659,661,13104,0,0,0,0,0,0,0,81279,5739,2,0,56679,0,0,0,0,56679,684800,741479
153,Kolhapur,Gadhinglaj,9771,8983,18754,56419,2183,13058,15241,20463,0,3,3,190,6,0,0,111076,3861,2,0,30605,3,0,0,0,30608,860595,891203
154,Kolhapur,Hatkanangle,25481,7274,32755,69389,1132,29090,30222,16202,100,3832,3932,486,0,0,0,152986,5210,29,1,42765,30,0,0,0,42795,416351,459146
155,Kolhapur,Kagal,22331,7646,29977,60152,274,23732,24006,13290,0,0,0,253,0,0,0,127678,2589,5,0,38249,5,0,0,0,38254,35341,73595
156,Kolhapur,Karvir,33017,9376,42393,91876,58,11147,11205,15689,26,286,312,332,0,58,22,161887,9364,43,0,101512,21,0,0,50,101583,73407,174990
157,Kolhapur,Panhala,22697,7249,29946,59806,829,2725,3554,12094,0,0,0,28,0,0,1,105429,3939,22,1,84659,0,0,0,0,84659,0,84659
158,Kolhapur,Radhanagari,12662,8175,20837,45181,1,594,595,8931,0,0,0,30,0,0,0,75574,1801,0,0,57473,0,0,0,0,57473,0,57473
159,Kolhapur,Shahuwadi,10086,14923,25009,52948,96,2645,2741,24854,0,0,0,78,0,0,0,105630,3420,3,0,136455,10,0,0,0,136465,0,136465
160,Kolhapur,Shirol,22208,5548,27756,60396,3,12852,12855,12828,199,145,344,403,12,112,0,114706,2259,4,2,13167,7,0,0,0,13174,40074,53248
161,Aurangabad,Aurangabad,27866,43383,71249,17144,374,14907,15281,49101,480,1051,1531,115,3,63,1,154488,7126,197,2,27806,178,1,0,0,27985,38690,66675
162,Aurangabad,Gangapur,13084,53439,66523,5474,231,5214,5445,21570,492,2603,3095,71,0,3,0,102181,2763,18,0,9241,9,0,0,0,9250,28500,37750
163,Aurangabad,Kannad,28188,72505,100693,19007,2330,8558,10888,45041,113,2303,2416,144,0,156,0,178345,4548,60,0,31353,0,0,0,0,31353,3600,34953
164,Aurangabad,Khuldabad,10997,21242,32239,6763,15,6753,6768,19440,1634,258,1892,16,0,12,4,67134,2554,11,0,18362,1,0,0,0,18363,6000,24363
165,Aurangabad,Paithan,15029,61927,76956,12304,0,6937,6937,42004,343,2040,2383,130,0,36,0,140750,3633,16,0,29286,5,0,0,5,29296,199910,229206
166,Aurangabad,Phulambri,31859,32464,64323,6922,155,16355,16510,31779,0,403,403,163,0,23,0,120123,2857,0,0,16824,0,0,0,0,16824,3000,19824
167,Aurangabad,Sillod,19355,46725,66080,14120,370,10981,11351,48602,353,2596,2949,96,0,5,0,143203,3550,8,0,36516,7,0,0,0,36523,5500,42023
168,Aurangabad,Soegaon,276,30404,30680,6540,71,2678,2749,17864,0,618,618,143,0,10,0,58604,1099,30,0,9204,0,0,0,0,9204,0,9204
169,Aurangabad,Vaijapur,20166,53748,73914,5249,838,11452,12290,27612,595,1369,1964,184,0,14,0,121227,6673,14,0,15824,50,0,0,0,15874,153458,169332
170,Jalna,Ambad,8535,59146,67681,13534,41,3129,3170,26521,97,1324,1421,78,4,15,0,112424,5334,94,0,27010,11,0,0,0,27021,38000,65021
171,Jalna,Badnapur,6196,32963,39159,6969,229,3915,4144,18653,127,403,530,22,1,4,1,69483,3314,0,0,25437,0,0,0,0,25437,206000,231437
172,Jalna,Bhokardan,12378,50283,62661,11680,3,9405,9408,37322,0,414,414,64,0,4,0,121553,4424,17,0,31657,0,0,0,0,31657,0,31657
173,Jalna,Ghansawangi,966,48912,49878,8513,35,460,495,17353,261,512,773,50,0,5,0,77067,3626,0,0,17409,0,0,0,0,17409,0,17409
174,Jalna,Jafferabad,7187,41367,48554,7431,0,5053,5053,22961,0,1065,1065,26,0,0,0,85090,2979,25,0,21655,0,0,0,0,21655,0,21655
175,Jalna,Jalna,5102,55778,60880,18235,0,2183,2183,32405,377,830,1207,16,2,32,0,114960,5867,2,0,26494,0,0,0,0,26494,2005,28499
176,Jalna,Mantha,936,42135,43071,4893,194,2,196,13246,355,10776,11131,32,0,0,0,72569,2315,4,0,12584,2,0,0,0,12586,0,12586
177,Jalna,Partur,1775,40603,42378,7889,489,531,1020,15142,29,2173,2202,27,0,17,0,68675,2139,0,0,19153,8,0,0,0,19161,0,19161
178, Parbhani,Gangakhed,439,39661,40100,16456,85,5789,5874,16224,463,28,491,10,0,0,0,79155,2020,0,0,10442,4,0,0,0,10446,10,10456
179, Parbhani,Jintur,1524,71783,73307,13849,104,1192,1296,30250,24,1818,1842,30,2,14,0,120590,4059,45,0,37489,23,0,0,0,37512,1720,39232
180, Parbhani,Manwath,139,25771,25910,4722,0,1695,1695,7993,92,336,428,22,0,21,0,40791,493,0,0,8116,0,0,0,14,8130,0,8130
181, Parbhani,Palam,128,31674,31802,9175,151,3334,3485,11056,0,0,0,23,0,11,0,55552,1807,2,0,14514,0,0,0,0,14514,350,14864
182, Parbhani,Parbhani,1604,57814,59418,18391,45,6544,6589,24464,668,1647,2315,86,3,63,0,111329,4434,115,0,29863,15,0,0,0,29878,2200,32078
183, Parbhani,Pathri,1091,26204,27295,6590,0,1062,1062,7612,28,341,369,9,0,2,0,42939,933,7,0,8323,0,0,0,0,8323,0,8323
184, Parbhani,Purna,457,43664,44121,14449,430,3066,3496,20932,620,1019,1639,22,0,321,6,84986,2555,16,0,21547,0,0,0,0,21547,5000,26547
185, Parbhani,Sailu,1769,36466,38235,6968,17,554,571,8907,0,178,178,10,0,14,0,54883,1906,4,0,14108,38,0,0,0,14146,0,14146
186, Parbhani,Sonpeth,103,17049,17152,6163,0,1834,1834,6219,0,126,126,23,0,45,1,31563,1130,0,0,7578,6,0,0,0,7584,7000,14584
187,Beed,Ambejogai,6807,38707,45514,29401,35,5019,5054,21051,33,2215,2248,65,0,604,0,103937,4490,4,0,30591,0,0,0,0,30591,360,30951
188,Beed,Ashti,49032,52023,101055,23455,604,8776,9380,56013,0,1073,1073,117,0,27,0,191120,7490,15,0,79854,0,0,0,2,79856,332039,411895
189,Beed,Bid,26435,54012,80447,35544,80,779,859,50876,56,73,129,37,0,82,0,167974,9814,22,0,77867,0,0,0,12,77879,55300,133179
190,Beed,Dharur,506,27015,27521,13179,69,13055,13124,19838,0,2130,2130,37,0,45,0,75874,2932,286,0,26540,0,0,0,0,26540,10000,36540
191,Beed,Georai,6731,71699,78430,20085,0,4509,4509,36320,38,1173,1211,80,0,27,0,140662,5894,24,0,37460,0,0,0,0,37460,22585,60045
192,Beed,Kaij,21180,41164,62344,32735,1989,8808,10797,34363,23,304,327,56,0,28,0,140650,5601,45,0,58169,1,0,0,0,58170,22200,80370
193,Beed,Manjlegaon,863,43675,44538,18225,124,2790,2914,23660,200,1776,1976,42,0,203,0,91558,4181,44,0,26387,447,0,0,30,26864,400,27264
194,Beed,Parli,1028,41269,42297,25933,1049,5069,6118,24076,58,553,611,52,0,337,0,99424,3611,4,0,32817,0,0,0,8,32825,31550,64375
195,Beed,Patoda,11548,29606,41154,15573,248,1518,1766,23950,0,411,411,5,0,7,0,82866,3008,13,0,35712,0,0,0,0,35712,0,35712
196,Beed,Shirur (Kasar),6280,35203,41483,18631,0,5231,5231,34552,630,61,691,82,0,158,0,100828,4431,4,0,19019,0,0,0,0,19019,59700,78719
197,Beed,Wadwani,333,16964,17297,7523,0,6459,6459,11524,0,561,561,37,0,30,0,43431,1637,0,0,18523,0,0,0,0,18523,0,18523
198,Latur,Ahmadpur,495,41402,41897,28025,419,1433,1852,12669,76,971,1047,54,0,185,0,85729,2103,9,0,24005,21,0,0,0,24026,14504,38530
199,Latur,Ausa,6946,54718,61664,31905,129,2603,2732,18907,101,252,353,7,0,10,0,115578,3848,29,0,12903,5,0,0,0,12908,194295,207203
200,Latur,Chakur,589,34370,34959,23642,118,5170,5288,11971,225,664,889,30,0,47,0,76826,2751,38,0,12068,2,0,0,0,12070,1200,13270
201,Latur,Deoni,277,17100,17377,9851,0,3044,3044,4409,97,278,375,6,0,143,0,35205,1064,0,0,4282,0,0,0,0,4282,0,4282
202,Latur,Jalkot,64,21219,21283,12318,1,7128,7129,7605,112,497,609,14,0,199,1,49158,777,4,0,11965,5,0,0,100,12070,0,12070
203,Latur,Latur,5550,39413,44963,38945,337,1677,2014,18831,68,370,438,26,1,403,1,105622,5863,46,0,41639,11,0,0,0,41650,11500,53150
204,Latur,Nilanga,6655,54454,61109,32074,536,6115,6651,19534,199,790,989,25,1,34,0,120417,4246,8,0,22078,10,0,0,0,22088,32246,54334
205,Latur,Renapur,2581,25852,28433,16413,104,1384,1488,10068,312,763,1075,26,0,10,0,57513,2510,9,0,20709,0,0,0,0,20709,49700,70409
206,Latur,Shirur-Anantpal,250,15291,15541,11679,0,1395,1395,4928,0,195,195,16,0,11,0,33765,844,0,0,5797,0,0,0,0,5797,1900,7697
207,Latur,Udgir,507,33592,34099,27732,0,4308,4308,13693,443,2173,2616,16,0,281,0,82745,2524,32,0,19697,20,0,0,0,19717,3000,22717
208,Osmanabad,Bhum,36481,16390,52871,12279,521,1894,2415,21362,1637,168,1805,49,0,54,0,90835,2950,0,0,37501,0,0,0,0,37501,12877,50378
209,Osmanabad,Kalamb,30824,24122,54946,20971,1626,2900,4526,20832,236,238,474,32,1,285,15,102082,4185,13,0,55008,112,0,0,0,55120,11544,66664
210,Osmanabad,Lohara,4367,18313,22680,14921,0,4523,4523,9939,0,516,516,13,0,7,0,52599,1508,0,0,5750,4,0,0,0,5754,3493,9247
211,Osmanabad,Osmanabad,16582,44142,60724,39120,613,3900,4513,37230,41,288,329,34,4,24,0,141978,5723,32,0,54226,76,0,0,0,54302,39655,93957
212,Osmanabad,Paranda,18394,19995,38389,10993,36,800,836,20065,6,497,503,27,0,15,0,70828,2987,56,0,38024,0,0,0,0,38024,1000,39024
213,Osmanabad,Tuljapur,4652,48074,52726,41518,1000,7327,8327,41090,26,695,721,29,0,83,0,144494,5438,4,0,39906,1,0,0,0,39907,7338,47245
214,Osmanabad,Umarga,9936,30059,39995,22543,558,3926,4484,16161,106,469,575,22,0,13,0,83793,2487,21,0,8046,0,0,0,0,8046,2050,10096
215,Osmanabad,Washi,18519,14078,32597,10219,120,1780,1900,11981,0,27,27,17,0,0,0,56741,2036,37,0,14496,0,0,0,0,14496,80200,94696
216,Nanded,Ardhapur,3220,18324,21544,9197,0,603,603,6983,0,331,331,21,1,37,0,38717,1854,34,0,11818,25,0,0,0,11843,2370,14213
217,Nanded,Bhokar,454,31355,31809,6182,11,835,846,11386,1,447,448,3,0,7,0,50681,1756,13,0,15330,3,0,0,0,15333,0,15333
218,Nanded,Biloli,68,32976,33044,7445,39,736,775,12928,54,236,290,3,0,20,0,54505,2286,0,0,17960,224,0,0,0,18184,0,18184
219,Nanded,Deglur,235,31884,32119,13369,20,12535,12555,16118,231,1285,1516,49,0,1699,0,77425,1340,50,0,17023,2,20,0,0,17045,34000,51045
220,Nanded,Dharmabad,263,17786,18049,4600,107,3119,3226,5717,0,471,471,0,0,78,0,32141,610,0,0,12580,0,0,0,0,12580,8000,20580
221,Nanded,Hadgaon,1113,62429,63542,10980,150,6,156,22208,44,692,736,44,0,218,0,97884,3959,41,0,28955,469,0,0,0,29424,0,29424
222,Nanded,Himayatnagar,56,24568,24624,2610,19,181,200,6251,0,689,689,0,0,16,0,34390,357,3,0,8497,16,0,0,0,8513,0,8513
223,Nanded,Kandhar,122,64581,64703,30824,42,2436,2478,28001,415,2587,3002,25,0,875,0,129908,2439,100,0,42182,9,0,0,36,42227,21,42248
224,Nanded,Kinwat,274,72110,72384,7220,30,2469,2499,26119,6,388,394,1,0,240,0,108857,1742,10,0,32334,7,0,0,0,32341,7751,40092
225,Nanded,Loha,953,63305,64258,29850,997,2746,3743,24539,129,867,996,27,1,297,0,123711,2997,23,0,26781,0,0,0,0,26781,0,26781
226,Nanded,Mahoor,12,28638,28650,2374,126,482,608,12514,0,40,40,6,0,3,0,44195,1666,0,0,20386,3,0,0,0,20389,0,20389
227,Nanded,Mudkhed,4412,20573,24985,13169,208,1420,1628,7995,21,313,334,13,0,44,0,48168,1699,4,0,14956,11,0,0,0,14967,0,14967
228,Nanded,Mukhed,331,65478,65809,23750,656,4470,5126,25847,76,1070,1146,26,0,1958,11,123673,2503,16,0,35155,0,0,0,0,35155,8000,43155
229,Nanded,Naigaon (Khairgaon),639,47483,48122,16819,90,4259,4349,18617,112,387,499,20,2,800,0,89228,3435,13,0,32076,0,0,0,0,32076,39000,71076
230,Nanded,Nanded,2019,28011,30030,23695,15,54,69,18573,374,1183,1557,73,0,274,0,74271,5592,239,0,32646,31,0,0,0,32677,0,32677
231,Nanded,Umri,1116,25515,26631,9637,0,2312,2312,9506,27,528,555,14,0,58,0,48713,1484,7,0,12808,0,0,0,0,12808,0,12808
232,Hingoli,Aundha (Nagnath),1744,45916,47660,9905,0,564,564,19197,234,193,427,3,0,0,0,77756,2962,62,0,26332,405,0,0,0,26737,35,26772
233,Hingoli,Basmath,9316,57230,66546,16078,504,4317,4821,22950,41,244,285,13,2,30,0,110725,4741,57,0,24892,0,0,0,0,24892,7350,32242
234,Hingoli,Hingoli,1887,48082,49969,17201,3,1185,1188,24189,106,700,806,11,0,11,0,93375,3226,64,0,33192,8,0,0,0,33200,1192,34392
235,Hingoli,Kalamnuri,1848,54543,56391,12396,4,30,34,25061,23,635,658,7,0,11,0,94558,2725,35,0,29934,13,0,0,0,29947,3227,33174
236,Hingoli,Sengaon,1299,54126,55425,10743,0,0,0,19813,445,450,895,18,0,12,0,86906,3771,2,0,24183,2,0,0,0,24185,0,24185
237,Amravati,Achalpur,4564,37711,42275,15902,891,2516,3407,29458,105,92,197,76,0,404,0,91719,2392,8,0,6192,12,0,0,0,6204,6800,13004
238,Amravati,Amravati,9334,35861,45195,21194,355,22171,22526,34694,283,503,786,56,0,96,0,124547,4720,34,0,15687,44,0,0,0,15731,170000,185731
239,Amravati,Anjangaon Surji,2320,25919,28239,5105,100,8554,8654,15733,0,103,103,121,0,123,0,58078,602,0,0,2876,0,0,0,0,2876,0,2876
240,Amravati,Bhatkuli,1632,26214,27846,3563,5,21,26,14155,0,18,18,42,6,203,0,45859,973,11,0,5279,0,2,0,11,5292,12840,18132
241,Amravati,Chandur Railway,1769,25551,27320,4035,0,4025,4025,14412,3,250,253,38,0,30,0,50113,1130,0,0,8517,0,0,0,0,8517,38000,46517
242,Amravati,Chandurbazar,3941,31274,35215,8156,53,3622,3675,19835,0,1841,1841,48,0,117,0,68887,922,2,0,11221,0,0,0,0,11221,126050,137271
243,Amravati,Chikhaldara,97,42791,42888,13232,0,1,1,19095,0,0,0,7,0,0,1,75224,216,47,0,16646,2,0,0,0,16648,0,16648
244,Amravati,Daryapur,3307,35107,38414,4236,0,24,24,16551,282,15,297,75,0,803,0,60400,1072,45,0,9878,0,0,0,0,9878,18796,28674
245,Amravati,Dhamangaon Railway,3805,31161,34966,5659,109,13788,13897,21100,0,578,578,43,0,0,0,76243,1610,0,0,16396,0,0,0,0,16396,0,16396
246,Amravati,Dharni,11,61797,61808,13421,0,0,0,29349,0,0,0,10,0,0,0,104588,4353,0,0,64267,0,0,0,0,64267,0,64267
247,Amravati,Morshi,4061,36187,40248,8637,0,3868,3868,20089,0,430,430,24,1,34,0,73331,1319,217,0,16552,0,0,0,6,16558,27000,43558
248,Amravati,Nandgaon-Khandeshwar,1987,35159,37146,6001,0,3332,3332,21865,0,77,77,19,0,13,0,68453,1560,0,0,11085,2,0,0,0,11087,59340,70427
249,Amravati,Teosa,3156,26437,29593,6468,107,5107,5214,15017,0,158,158,34,0,34,0,56518,796,12,0,7355,3,0,0,0,7358,3000,10358
250,Amravati,Warud,6621,38252,44873,9507,89,1474,1563,20654,0,943,943,40,0,176,0,77756,1240,58,0,10635,28,0,0,0,10663,2,10665
251,Akola,Akola,5222,52063,57285,13139,19,1125,1144,30717,78,3390,3468,151,0,199,0,106103,4299,10,0,19468,0,0,11,18,19497,1120,20617
252,Akola,Akot,3051,35417,38468,6225,142,754,896,14864,0,32,32,48,0,206,0,60739,612,20,0,3263,0,0,0,0,3263,3000,6263
253,Akola,Balapur,1588,31645,33233,6668,191,20,211,13990,292,270,562,25,0,219,2,54910,625,0,0,6757,0,0,0,0,6757,0,6757
254,Akola,Barshitakli,1530,43241,44771,7484,0,1108,1108,23171,1,208,209,61,0,48,0,76852,1923,5,0,14387,1,0,0,0,14388,4250,18638
255,Akola,Murtijapur,1430,34758,36188,4712,0,6,6,18242,0,1431,1431,89,0,367,0,61035,1834,30,0,7177,6,0,0,0,7183,4500,11683
256,Akola,Patur,706,26199,26905,4454,0,721,721,15712,0,155,155,11,0,14,0,47972,770,0,0,9385,4,0,0,0,9389,0,9389
257,Akola,Telhara,1940,30553,32493,6773,123,448,571,17985,0,303,303,53,0,124,0,58302,945,0,0,4169,0,0,0,0,4169,0,4169
258,Washim,Karanja,1911,43550,45461,8829,2,9392,9394,28356,0,382,382,180,0,48,4,92654,1622,0,0,19500,0,0,0,278,19778,0,19778
259,Washim,Malegaon,1103,37733,38836,10435,0,0,0,20157,743,1208,1951,15,0,24,0,71418,2896,17,0,14977,0,0,0,0,14977,0,14977
260,Washim,Mangrulpir,1349,39779,41128,9811,0,0,0,24195,0,989,989,28,0,27,0,76178,4195,6,0,13057,0,0,0,15,13072,3900,16972
261,Washim,Manora,1273,36868,38141,6830,0,422,422,21498,2,420,422,5,0,63,0,67381,2349,2,0,14751,0,0,0,1,14752,0,14752
262,Washim,Risod,1748,38393,40141,12336,0,614,614,16761,339,1076,1415,23,0,99,0,71389,2673,0,0,7236,0,0,0,0,7236,23000,30236
263,Washim,Washim,1447,37912,39359,14274,0,180,180,21535,437,4202,4639,7,0,15,0,80009,2776,4,0,14501,2,0,0,59,14562,9200,23762
264,Buldhana ,Buldhana,10729,26733,37462,11231,28,3329,3357,28934,44,596,640,36,0,15,2,81677,3046,22,0,34294,5,0,0,0,34299,34903,69202
265,Buldhana ,Chikhli,7454,40524,47978,11637,0,6408,6408,30248,0,965,965,69,0,183,0,97488,2911,18,0,31563,0,0,0,0,31563,10500,42063
266,Buldhana ,Deolgaon Raja,5435,17221,22656,6311,0,274,274,14269,77,229,306,17,0,8,0,43841,1754,19,0,19035,0,0,0,0,19035,0,19035
267,Buldhana ,Jalgaon (Jamod),1310,27284,28594,6617,29,630,659,12126,42,136,178,7,0,99,0,48280,938,2,0,5706,0,0,0,0,5706,2431,8137
268,Buldhana ,Khamgaon,2346,69187,71533,13999,151,47831,47982,48763,1148,460,1608,81,15,85,0,184066,3099,27,0,19975,0,0,0,0,19975,3900,23875
269,Buldhana ,Lonar,819,24840,25659,4940,288,318,606,10478,0,993,993,9,0,29,0,42714,1723,1,0,7426,0,0,0,0,7426,0,7426
270,Buldhana ,Malkapur,2517,21361,23878,9691,1,1703,1704,10063,0,181,181,22,0,94,0,45633,492,2,0,4017,0,0,0,0,4017,0,4017
271,Buldhana ,Mehkar,3670,44297,47967,14007,44,951,995,23430,242,2599,2841,26,0,541,0,89807,3009,0,0,21798,18,0,0,0,21816,4800,26616
272,Buldhana ,Motala,5784,35344,41128,9223,0,35739,35739,21868,30,502,532,17,0,112,0,108619,1557,1,0,8511,0,0,0,0,8511,7350,15861
273,Buldhana ,Nandura,6613,26866,33479,9078,264,994,1258,14324,10,72,82,46,1,304,0,58572,1048,22,0,3867,91,0,0,0,3958,0,3958
274,Buldhana ,Sangrampur,2701,25389,28090,6543,84,2332,2416,12379,41,172,213,10,0,84,0,49735,491,12,0,2869,0,0,0,0,2869,0,2869
275,Buldhana ,Shegaon,1160,27635,28795,6165,0,719,719,10138,0,634,634,31,0,150,0,46632,646,0,2,4712,6,0,0,0,4718,0,4718
276,Buldhana ,Sindkhed Raja,2440,39999,42439,10176,224,3277,3501,26586,113,917,1030,24,0,56,0,83812,2860,7,0,32081,0,0,0,0,32081,11000,43081
277,Yavatmal,Arni,518,45850,46368,4432,0,137,137,15679,145,168,313,1,0,6,0,66936,1664,23,0,27079,4,5,0,2,27090,0,27090
278,Yavatmal,Babulgaon,1179,24419,25598,4243,0,3838,3838,15243,0,237,237,143,0,0,0,49302,1047,0,0,21773,0,0,0,0,21773,153000,174773
279,Yavatmal,Darwha,1553,49462,51015,8691,8,3986,3994,30273,0,33,33,202,0,73,0,94281,2445,5,0,27479,11,0,0,1,27491,6000,33491
280,Yavatmal,Digras,963,34414,35377,5059,2,3364,3366,18456,0,281,281,11,0,3,0,62553,1964,6,0,20683,21,0,0,0,20704,0,20704
281,Yavatmal,Ghatanji,1726,46100,47826,4408,0,2835,2835,13688,32,168,200,45,0,8,0,69010,1563,8,0,30778,11,0,0,82,30871,250,31121
282,Yavatmal,Kalamb,1124,34978,36102,6301,0,3082,3082,16557,0,0,0,139,0,3,0,62184,1438,30,0,25237,2,0,0,0,25239,3200,28439
283,Yavatmal,Kelapur,816,45471,46287,3933,103,402,505,11948,45,525,570,5,0,24,0,63272,863,6,0,29090,18,12,0,0,29120,12000,41120
284,Yavatmal,Mahagaon,1269,49945,51214,5088,0,32,32,23119,7,291,298,6,0,78,0,79835,2544,4,0,29600,7,0,0,0,29607,0,29607
285,Yavatmal,Maregaon,579,32815,33394,2018,0,26,26,8807,0,0,0,0,0,0,0,44245,1329,1,0,15534,0,0,0,0,15534,0,15534
286,Yavatmal,Ner,971,37263,38234,6742,0,5239,5239,17066,0,35,35,178,0,52,0,67546,2440,8,0,23034,3,0,0,0,23037,0,23037
287,Yavatmal,Pusad,1936,67826,69762,10635,1,141,142,40600,87,248,335,7,0,36,0,121517,4230,59,0,49133,10,0,0,0,49143,0,49143
288,Yavatmal,Ralegaon,761,33098,33859,2498,0,149,149,13619,0,120,120,0,0,0,0,50245,1578,0,0,17966,0,0,0,0,17966,0,17966
289,Yavatmal,Umarkhed,3305,57325,60630,8753,2,137,139,23953,0,411,411,5,0,70,0,93961,2470,5,0,29214,0,85,0,0,29299,1155,30454
290,Yavatmal,Wani,2334,47754,50088,6980,49,644,693,16837,15,433,448,4,0,0,0,75050,2387,4,0,36053,0,0,0,0,36053,290,36343
291,Yavatmal,Yavatmal,2469,49143,51612,13323,4,1,5,23647,6,329,335,70,0,9,0,89001,4291,18,0,36987,3,0,0,6,36996,18904,55900
292,Yavatmal,Zari-Jamani,333,42502,42835,3116,0,479,479,9765,0,110,110,0,0,0,0,56305,797,1,0,25369,0,0,0,0,25369,0,25369
293, Nagpur,Bhiwapur,3592,27315,30907,1883,0,1028,1028,16686,2,12,14,1,0,0,0,50519,1402,0,0,15604,191,0,0,131,15926,0,15926
294, Nagpur,Hingna,8063,23675,31738,5999,6,441,447,16203,10,600,610,5,0,23,0,55025,2874,20,0,17542,98,5,0,0,17645,93781,111426
295, Nagpur,Kalameshwar,6206,22884,29090,4335,0,2087,2087,14238,300,487,787,3,0,0,0,50540,1266,21,0,9442,17,0,0,0,9459,417532,426991
296, Nagpur,Kamptee,3814,15166,18980,4728,0,34,34,13925,0,552,552,14,0,24,0,38257,2214,140,0,13864,55,0,0,0,13919,21700,35619
297, Nagpur,Katol,12362,37219,49581,6901,82,145,227,20642,0,186,186,107,0,37,0,77681,2813,0,0,12783,18,0,0,0,12801,7523,20324
298, Nagpur,Kuhi,6284,31478,37762,4121,2,1426,1428,27419,0,14,14,9,0,0,0,70753,2233,6,0,35005,0,0,0,55,35060,30930,65990
299, Nagpur,Mauda,10307,18824,29131,6119,0,0,0,15188,0,285,285,2,0,0,0,50725,1641,26,0,15358,19,0,0,0,15377,17300,32677
300, Nagpur,Nagpur (Rural),8641,22201,30842,12709,1,3,4,20757,93,965,1058,28,0,72,0,65470,3744,29,0,20075,79,20,0,29,20203,74830,95033
301, Nagpur,Nagpur (Urban),6918,7094,14012,11377,176,97,273,19078,372,960,1332,76,0,22,0,46170,17703,466,0,21275,92,136,137,1170,22810,5513,28323
302, Nagpur,Narkhed,8208,39329,47537,5467,0,707,707,15794,0,357,357,2,0,0,0,69864,1777,7,0,21127,7,0,0,34,21168,6010,27178
303, Nagpur,Parseoni,3609,22844,26453,3805,1,10,11,17258,0,445,445,8,0,30,0,48010,2623,104,0,19218,14,2,0,0,19234,48300,67534
304, Nagpur,Ramtek,7599,38812,46411,8166,3,18,21,28164,16,67,83,3,0,0,0,82848,3383,8,0,32599,11,0,0,92,32702,4500,37202
305, Nagpur,Savner,9018,29844,38862,3621,6,753,759,21779,27,788,815,18,2,113,0,65969,2587,48,0,15632,37,0,0,162,15831,37604,53435
306, Nagpur,Umred,5141,32460,37601,4776,9,678,687,18209,160,195,355,2,0,0,0,61630,2483,14,0,22675,31,0,0,19,22725,590,23315
307,Wardha,Arvi,4412,31837,36249,11034,0,680,680,15991,15,299,314,11,0,0,0,64279,2076,2,0,11777,4,0,0,0,11781,166,11947
308,Wardha,Ashti,902,25446,26348,3910,13,239,252,10516,66,99,165,7,0,0,0,41198,1065,0,0,6388,49,0,0,0,6437,138,6575
309,Wardha,Deoli,3958,30186,34144,3983,1,41,42,16396,45,670,715,13,0,55,0,55348,1918,7,0,22136,0,0,0,1,22137,239,22376
310,Wardha,Hinganghat,4417,38417,42834,5227,0,53,53,19335,40,35,75,6,0,17,0,67547,2400,31,0,15173,10,0,0,0,15183,30012,45195
311,Wardha,Karanja,4222,31783,36005,9808,0,362,362,12196,0,82,82,5,0,0,0,58458,1867,0,0,5083,0,0,0,0,5083,8,5091
312,Wardha,Samudrapur,3803,44942,48745,3475,26,116,142,17646,4,0,4,1,0,11,0,70024,2427,1,0,16687,0,0,0,32,16719,0,16719
313,Wardha,Seloo,10305,25997,36302,4941,5,42,47,19104,0,153,153,1,0,0,0,60548,2569,2,0,21941,48,0,0,0,21989,79530,101519
314,Wardha,Wardha,14473,29259,43732,6415,6,101,107,19158,37,1265,1302,14,0,0,0,70728,4298,65,0,22549,31,0,0,22,22602,35154,57756
315,Bhandara,Bhandara,15565,20780,36345,13231,1,321,322,27169,0,1,1,14,0,0,0,77082,2328,87,0,40409,35,30,12,72,40558,10670,51228
316,Bhandara,Lakhandur,9567,17783,27350,7667,0,1357,1357,21767,0,10,10,0,0,0,0,58151,973,7,0,48467,59,0,0,191,48717,5030,53747
317,Bhandara,Lakhani,8103,23496,31599,10821,0,0,0,16102,84,0,84,0,0,0,0,58606,1251,72,0,27492,93,1,0,247,27833,0,27833
318,Bhandara,Mohadi,15139,19638,34777,17239,0,182,182,26662,0,6,6,2,0,0,0,78868,1321,17,0,29436,55,0,0,15,29506,7700,37206
319,Bhandara,Pauni,20673,15205,35878,9371,225,598,823,24023,0,45,45,2,0,2,0,70144,1459,10,0,32334,4,0,0,146,32484,9045,41529
320,Bhandara,Sakoli,6421,24003,30424,10493,0,0,0,16110,0,64,64,3,0,0,0,57094,1333,12,0,31745,66,0,0,648,32459,1185,33644
321,Bhandara,Tumsar,6465,35936,42401,21339,0,0,0,29695,0,39,39,2,0,2,0,93478,1691,19,0,24039,17,0,0,16,24072,1000,25072
322,Gondia,Amgaon,2441,34000,36441,9097,16,182,198,16912,0,119,119,2,0,0,0,62769,683,2,0,12699,180,0,0,300,13179,60000,73179
323,Gondia,Arjuni Morgaon,2473,37476,39949,7691,0,68,68,13755,3,19,22,2,0,0,0,61487,1866,5,0,47756,416,0,0,0,48172,10000,58172
324,Gondia,Deori,724,45959,46683,5504,0,0,0,8869,17,59,76,2,0,0,0,61134,2053,29,0,29080,45,3,0,7,29135,0,29135
325,Gondia,Gondiya,3913,57217,61130,25997,0,0,0,35838,23,146,169,25,0,0,0,123159,2620,43,0,20108,44,148,0,160,20460,78209,98669
326,Gondia,Goregaon,3719,40736,44455,6796,538,1769,2307,19168,50,0,50,2,0,27,0,72805,1008,89,0,13950,167,13,0,37,14167,7404,21571
327,Gondia,Sadak-Arjuni,4315,34567,38882,9227,0,6,6,20099,26,76,102,0,0,0,0,68316,1426,32,0,34394,83,10,0,572,35059,1000,36059
328,Gondia,Salekasa,727,31930,32657,6965,0,0,0,14370,0,530,530,4,0,0,0,54526,1266,6,0,14309,4,0,0,0,14313,2000,16313
329,Gondia,Tirora,3857,33539,37396,16776,0,0,0,26555,0,240,240,5,0,0,0,80972,1256,69,0,27719,58,10,0,251,28038,17590,45628
330,Chandrapur,Ballarpur,607,12206,12813,3102,0,48,48,5906,0,565,565,0,0,0,0,22434,1127,68,0,26920,51,4,0,527,27502,0,27502
331,Chandrapur,Bhadravati,2544,33569,36113,5985,3,117,120,16298,12,409,421,0,0,46,0,58983,2514,1,0,32669,44,0,0,2,32715,22,32737
332,Chandrapur,Brahmapuri,3313,30261,33574,7970,0,21,21,23998,3,33,36,0,0,0,0,65599,814,5,0,40832,9,0,0,0,40841,7000,47841
333,Chandrapur,Chandrapur,1891,21859,23750,9666,4,301,305,11688,54,624,678,14,0,59,0,46160,3104,38,0,49855,386,0,0,1600,51841,8102,59943
334,Chandrapur,Chimur,3110,54760,57870,4444,0,2301,2301,27074,0,163,163,1,0,0,0,91853,1812,9,0,42046,10,0,0,43,42099,1000,43099
335,Chandrapur,Gondpipri,638,36207,36845,3971,9,7799,7808,18712,0,13,13,0,0,0,0,67349,859,12,0,56639,8,0,0,15,56662,32,56694
336,Chandrapur,Jiwati,14,29532,29546,2076,0,302,302,14053,0,0,0,0,0,0,0,45977,1048,0,0,22694,8,0,0,0,22702,0,22702
337,Chandrapur,Korpana,621,35886,36507,2281,0,0,0,12362,0,0,0,0,0,0,0,51150,1545,8,0,31552,31,0,0,0,31583,14,31597
338,Chandrapur,Mul,667,32676,33343,6008,0,2312,2312,8993,0,0,0,0,0,0,0,50656,435,2,0,50226,6,0,0,0,50232,0,50232
339,Chandrapur,Nagbhir,4603,26760,31363,5190,3,1312,1315,18116,0,25,25,0,0,0,0,56009,1064,9,0,29773,83,0,0,49,29905,3600,33505
340,Chandrapur,Pombhurna,93,22316,22409,2778,0,1916,1916,9829,0,6,6,0,0,0,0,36938,507,12,0,33194,33,0,0,6,33233,0,33233
341,Chandrapur,Rajura,1328,39500,40828,4762,220,4964,5184,18970,0,20,20,0,0,14,0,69778,1951,12,0,40995,35,3,0,123,41156,0,41156
342,Chandrapur,Sawali,536,40721,41257,5657,0,2034,2034,13895,2,184,186,0,0,0,0,63029,242,0,0,39423,0,0,0,0,39423,218,39641
343,Chandrapur,Sindewahi,1104,27013,28117,3867,0,107,107,8607,0,87,87,0,0,0,0,40785,708,1,0,26773,25,0,0,0,26798,241,27039
344,Chandrapur,Warora,2997,49215,52212,5734,0,0,0,20915,0,482,482,2,0,0,0,79345,12333,258,0,28304,102,0,0,45,28451,0,28451
345, Gadchiroli,Aheri,216,62348,62564,8244,0,977,977,26847,0,2494,2494,0,0,0,0,101126,2999,2,11,70667,57,0,0,25,70749,28400,99149
346, Gadchiroli,Armori,1110,30981,32091,4048,0,0,0,10206,30,520,550,0,0,0,0,46895,744,0,0,44357,349,0,0,24,44730,953,45683
347, Gadchiroli,Bhamragad,36,30945,30981,5784,0,0,0,15600,25,4556,4581,0,0,0,0,56946,2034,0,0,43812,2141,0,0,12,45965,0,45965
348, Gadchiroli,Chamorshi,1692,71531,73223,8691,1,434,435,23388,0,0,0,0,0,0,0,105737,1869,2,0,93626,758,0,0,279,94663,12000,106663
349, Gadchiroli,Desaiganj (Vadasa),1405,13777,15182,3633,0,149,149,10247,0,177,177,0,0,0,0,29388,512,39,0,26586,38,3,0,66,26693,376,27069
350, Gadchiroli,Dhanora,81,53108,53189,7156,10,44,54,24542,0,9623,9623,0,0,0,0,94564,4489,0,0,63497,0,0,0,9,63506,0,63506
351, Gadchiroli,Etapalli,174,61223,61397,15565,0,0,0,32842,0,17449,17449,0,0,0,0,127253,5037,0,0,68300,5,0,0,3,68308,0,68308
352, Gadchiroli,Gadchiroli,1439,42577,44016,6064,0,1753,1753,13712,0,684,684,6,0,0,0,66235,1298,46,0,45865,26,0,0,21,45912,0,45912
353, Gadchiroli,Korchi,5,26529,26534,3675,17,1,18,5621,35,1424,1459,0,0,0,0,37307,2085,0,0,33481,9,0,0,337,33827,0,33827
354, Gadchiroli,Kurkheda,645,43411,44056,4307,0,0,0,11537,15,137,152,0,0,0,0,60052,2162,25,0,58742,146,0,0,43,58931,8000,66931
355, Gadchiroli,Mulchera,383,28387,28770,2850,0,109,109,6192,0,186,186,0,0,0,0,38107,1028,0,0,24135,1156,0,0,0,25291,0,25291
356, Gadchiroli,Sironcha,13,36506,36519,6355,0,3729,3729,19836,0,1404,1404,0,0,0,0,67843,1166,26,0,63157,50,0,0,0,63207,0,63207
